ID,Path,Component,Lines of code,Duplication percentage,Start line,End line
1a8e545a-2f73-4708-a5ee-39b790363603,src/Components/HomePage/Body/Left/Nabewerking/VluchtenZoeken/Steps/Step2/Actions/EditFlight/FormElements.tsx,HomePage,18,38.29787,19,36
1a8e545a-2f73-4708-a5ee-39b790363603,src/Components/HomePage/Body/Left/Voorbereiding/ReuseFlightPlan/Steps/Step2/FormInputs.tsx,HomePage,18,50,19,36
1a8e545a-2f73-4708-a5ee-39b790363603,src/Components/HomePage/Body/Left/Voorbereiding/FlightPlan/Steps/Step1/index.tsx,HomePage,18,69.23077,18,35
0f71b5a8-10cd-4ad8-ba7c-5aa9e5ccfaaa,src/Components/HomePage/Body/Left/Nabewerking/VluchtenZoeken/Steps/Step2/Actions/EditFlight/Buttons.tsx,HomePage,9,14.754098,18,26
0f71b5a8-10cd-4ad8-ba7c-5aa9e5ccfaaa,src/Components/HomePage/Body/Left/Voorbereiding/ReuseFlightPlan/Steps/Step2/Buttons.tsx,HomePage,9,15,23,31
0f71b5a8-10cd-4ad8-ba7c-5aa9e5ccfaaa,src/Components/HomePage/Body/Left/Voorbereiding/ViewPlan/Steps/DuplicateFlightPlan/Step2/Buttons.tsx,HomePage,9,19.148935,24,32
0f71b5a8-10cd-4ad8-ba7c-5aa9e5ccfaaa,src/Components/HomePage/Body/Left/Voorbereiding/ViewPlan/Steps/Step2/Buttons.tsx,HomePage,9,11.3924055,29,37
0f71b5a8-10cd-4ad8-ba7c-5aa9e5ccfaaa,src/Components/HomePage/Body/Left/Nabewerking/VluchtenZoeken/Steps/Step2/Actions/EditFlight/Buttons.tsx,HomePage,9,14.754098,38,46
0f71b5a8-10cd-4ad8-ba7c-5aa9e5ccfaaa,src/Components/HomePage/Body/Left/Voorbereiding/FlightPlan/Steps/Step3/Buttons.tsx,HomePage,9,9.278351,43,51
0f71b5a8-10cd-4ad8-ba7c-5aa9e5ccfaaa,src/Components/HomePage/Body/Left/Voorbereiding/ViewPlan/Steps/Step2/Buttons.tsx,HomePage,9,11.3924055,59,67
0f71b5a8-10cd-4ad8-ba7c-5aa9e5ccfaaa,src/Components/HomePage/Body/Left/Voorbereiding/ViewPlan/Steps/DuplicateFlightPlan/Step2/Form.tsx,HomePage,9,19.148935,34,42
0929a9d1-c1a7-4d00-afbf-44f47c3e144d,src/Components/HomePage/Body/Left/Voorbereiding/ViewPlan/Steps/DuplicateFlightPlan/Step2/Buttons.tsx,HomePage,10,21.276596,42,51
0929a9d1-c1a7-4d00-afbf-44f47c3e144d,src/Components/HomePage/Body/Left/Voorbereiding/ReuseFlightPlan/Steps/Step2/Buttons.tsx,HomePage,10,16.666666,55,64
0929a9d1-c1a7-4d00-afbf-44f47c3e144d,src/Components/HomePage/Body/Left/Voorbereiding/FlightPlan/Steps/Step3/Buttons.tsx,HomePage,10,10.3092785,87,96
0929a9d1-c1a7-4d00-afbf-44f47c3e144d,src/Components/HomePage/Body/Left/Voorbereiding/FlightPlan/Steps/Step1/TemplateFlights/index.tsx,HomePage,10,18.867924,89,98
45b572c3-e280-491b-951c-8763f53d0bcf,src/Components/HomePage/Body/Left/Voorbereiding/ViewPlan/Steps/AddPointToPlan/index.tsx,HomePage,13,18.055555,72,87
45b572c3-e280-491b-951c-8763f53d0bcf,src/Components/HomePage/Body/Left/Voorbereiding/ViewPlan/Steps/AddPointsFromPlan/SelectFromSource/index.tsx,HomePage,13,5.098039,192,207
45b572c3-e280-491b-951c-8763f53d0bcf,src/Components/HomePage/Body/Left/Voorbereiding/AddPointsVluchtPlan/Common/StepContent.tsx,HomePage,13,12.380953,120,135
8b018dd5-c0e8-4c9c-8d1f-936c528af8d3,src/Components/HomePage/Body/Bottom/PointsView/index.tsx,HomePage,12,14.457831,84,95
8b018dd5-c0e8-4c9c-8d1f-936c528af8d3,src/Components/HomePage/Body/Bottom/PointsView/common/hooks/useMapGraphics.ts,HomePage,12,17.142857,27,38
8b018dd5-c0e8-4c9c-8d1f-936c528af8d3,src/Components/HomePage/Body/Bottom/PointsView/common/hooks/useMapGraphics.ts,HomePage,12,17.142857,88,99
f697e52e-07a5-42dd-b171-c492292d75da,src/Components/HomePage/Body/Left/Voorbereiding/SelectedPoint/EditPointDetails/Steps/Step2/index.tsx,HomePage,12,30.76923,39,50
f697e52e-07a5-42dd-b171-c492292d75da,src/Components/HomePage/Body/Left/Voorbereiding/SelectedPoint/EditPointDetails/Steps/Step1.tsx,HomePage,12,20.689655,51,62
f697e52e-07a5-42dd-b171-c492292d75da,src/Components/HomePage/Body/Left/Voorbereiding/SelectedPoint/EditPointDetails/Steps/Step1.tsx,HomePage,12,20.689655,80,91
fb062869-294d-4328-8ea9-b4ddfe0c79a1,src/Components/HomePage/Body/Left/Common/SearchedResultsTab/FlightPlans/FlightPlansList/DropDown.tsx,HomePage,22,20.754717,144,177
fb062869-294d-4328-8ea9-b4ddfe0c79a1,src/Components/HomePage/Body/Left/Common/SearchedResultsTab/Functions/GroupFunctions.tsx,HomePage,22,12.290503,209,242
074a8279-3bb5-4a2a-b4fd-6fbe5ab614a3,src/Components/HomePage/Body/Left/Voorbereiding/ViewPlan/Steps/Step2/Form.tsx,HomePage,11,39.285713,21,31
074a8279-3bb5-4a2a-b4fd-6fbe5ab614a3,src/Components/HomePage/Body/Left/Nabewerking/VluchtenZoeken/Steps/Step2/Actions/EditFlight/FormElements.tsx,HomePage,11,23.404255,19,29
074a8279-3bb5-4a2a-b4fd-6fbe5ab614a3,src/Components/HomePage/Body/Left/Voorbereiding/ReuseFlightPlan/Steps/Step2/FormInputs.tsx,HomePage,11,30.555555,19,29
1f69d9ae-cc33-4384-882c-54605b39a317,src/Components/HomePage/Body/Left/Voorbereiding/ViewPlan/Steps/DuplicateFlightPlan/Step2/Buttons.tsx,HomePage,11,23.404255,41,51
1f69d9ae-cc33-4384-882c-54605b39a317,src/Components/HomePage/Body/Left/Voorbereiding/FlightPlan/Steps/Step3/Buttons.tsx,HomePage,11,11.340206,86,96
1f69d9ae-cc33-4384-882c-54605b39a317,src/Components/HomePage/Body/Left/Voorbereiding/FlightPlan/Steps/Step1/TemplateFlights/index.tsx,HomePage,11,20.754717,88,98
c33d0c35-d6dd-49e0-bc3c-4308f187fdd5,src/Components/HomePage/Body/Left/Nabewerking/VluchtenZoeken/Steps/Step2/Actions/EditFlight/FormElements.tsx,HomePage,21,44.68085,15,36
c33d0c35-d6dd-49e0-bc3c-4308f187fdd5,src/Components/HomePage/Body/Left/Voorbereiding/ReuseFlightPlan/Steps/Step2/FormInputs.tsx,HomePage,21,58.333332,15,36
a8177b11-1900-4dd7-935d-219e6cc5ff12,src/Components/HomePage/Body/Left/Common/AandachtspuntDetailsFields.tsx,HomePage,10,21.276596,40,49
a8177b11-1900-4dd7-935d-219e6cc5ff12,src/Components/HomePage/Body/Left/Voorbereiding/EnrichedAddPoint/Steps/Step3/Form.tsx,HomePage,10,35.714287,9,18
a8177b11-1900-4dd7-935d-219e6cc5ff12,src/Components/HomePage/Body/Left/Voorbereiding/DrawingTool/Step2/Form.tsx,HomePage,10,35.714287,9,18
e152c0bb-b0c3-43eb-8f64-f465cdc9d9e0,src/Components/HomePage/Body/Bottom/PlansView/Details/index.tsx,HomePage,20,62.5,26,76
e152c0bb-b0c3-43eb-8f64-f465cdc9d9e0,src/hooks/useGetFlightTimesDistance.ts,hooks,20,62.5,8,69
f2054036-c6a3-4be8-9cb4-a235337f8710,src/Components/HomePage/Body/Left/Voorbereiding/ViewPlan/Steps/DuplicateFlightPlan/Step2/Buttons.tsx,HomePage,10,21.276596,23,32
f2054036-c6a3-4be8-9cb4-a235337f8710,src/Components/HomePage/Body/Left/Voorbereiding/FlightPlan/Steps/Step3/Buttons.tsx,HomePage,10,10.3092785,42,51
f2054036-c6a3-4be8-9cb4-a235337f8710,src/Components/HomePage/Body/Left/Voorbereiding/ViewPlan/Steps/Step2/Buttons.tsx,HomePage,10,12.658228,58,67
8c346648-5081-4e0e-bc12-5332f772652c,src/Components/HomePage/Body/Left/Voorbereiding/ViewPlan/Steps/Step1/Buttons.tsx,HomePage,9,15.254237,21,29
8c346648-5081-4e0e-bc12-5332f772652c,src/Components/HomePage/Body/Left/Voorbereiding/ViewPlan/Steps/DuplicateFlightPlan/Step2/Form.tsx,HomePage,9,19.148935,22,30
8c346648-5081-4e0e-bc12-5332f772652c,src/Components/HomePage/Body/Left/Nabewerking/VluchtenZoeken/Steps/Step2/Actions/EditFlight/FormElements.tsx,HomePage,9,19.148935,40,48
8c346648-5081-4e0e-bc12-5332f772652c,src/Components/HomePage/Body/Left/Voorbereiding/ReuseFlightPlan/Steps/Step2/FormInputs.tsx,HomePage,9,25,40,48
8c346648-5081-4e0e-bc12-5332f772652c,src/Components/HomePage/Body/Left/Voorbereiding/ViewPlan/index.tsx,HomePage,9,10.843373,50,58
d4b4ccba-e3b3-48da-9da3-4b121eedc0f9,src/Components/HomePage/Body/Left/Voorbereiding/TemplateFlight/templateFlightStates.ts,HomePage,18,47.36842,5,32
d4b4ccba-e3b3-48da-9da3-4b121eedc0f9,src/hooks/zustand/voorbereiding/useFlightPlanState.ts,hooks,18,23.076923,35,62
a643a014-1b4b-4590-928b-74823b5a6a30,src/hooks/zustand/useEnrichedPointState.ts,hooks,17,17.34694,73,95
a643a014-1b4b-4590-928b-74823b5a6a30,src/hooks/zustand/useEnrichedPointState.ts,hooks,17,17.34694,122,144
106661b5-e7a6-4376-b1c4-330b98784e00,src/Components/HomePage/Body/Left/Tools/AandachtspuntenVerwijderen/Actions/EditPointDetails/Steps/Step1/Buttons.tsx,HomePage,16,48.484848,29,51
106661b5-e7a6-4376-b1c4-330b98784e00,src/Components/HomePage/Body/Left/Tools/AandachtspuntenVerwijderen/Actions/EditPointDetails/Steps/Step2/index.tsx,HomePage,16,47.058823,36,58
2030d436-8a36-49a2-a158-bb72db81e2d3,src/Components/HomePage/Body/Left/Voorbereiding/SelectedPoint/EditPointDetails/Steps/Step2/Step2Sub1.tsx,HomePage,16,18.82353,9,26
2030d436-8a36-49a2-a158-bb72db81e2d3,src/Components/HomePage/Body/Left/Tools/AandachtspuntenVerwijderen/Actions/EditPointDetails/Steps/Step2/Step2Sub1.tsx,HomePage,16,14.814815,11,28
9d3878df-903e-4cc7-82e2-9f1df722fceb,src/Components/HomePage/Body/Left/Voorbereiding/SelectedPoint/EditPointDetails/Steps/Step2/index.tsx,HomePage,15,38.46154,38,52
9d3878df-903e-4cc7-82e2-9f1df722fceb,src/Components/HomePage/Body/Left/Voorbereiding/SelectedPoint/EditPointDetails/Steps/Step1.tsx,HomePage,15,25.862068,50,64
54c664b3-ec48-4f04-9a7e-0dfde1df32f3,src/Components/HomePage/Body/Left/Common/SearchedResultsTab/FlightPlans/FlightPlansList/DropDown.tsx,HomePage,15,14.150944,118,135
54c664b3-ec48-4f04-9a7e-0dfde1df32f3,src/Components/HomePage/Body/Left/Common/SearchedResultsTab/Functions/GroupFunctions.tsx,HomePage,15,8.379889,150,167
c03c688e-78d5-457e-a275-8b8e483489a1,src/hooks/zustand/useEnrichedPointState.ts,hooks,14,14.285714,51,70
c03c688e-78d5-457e-a275-8b8e483489a1,src/hooks/zustand/useEnrichedPointState.ts,hooks,14,14.285714,99,118
c056c775-1ae6-4fee-afa6-a09e3993b8c6,src/Components/HomePage/Body/Left/Common/SearchedResultsTab/Points/DropDown.tsx,HomePage,14,17.5,109,128
c056c775-1ae6-4fee-afa6-a09e3993b8c6,src/Components/HomePage/Body/Left/Common/SearchedResultsTab/Functions/GroupFunctions.tsx,HomePage,14,7.821229,182,201
d975c4a4-651f-4668-9174-dd64d23e793e,src/hooks/zustand/nabewerking/useFinishedPlansState.ts,hooks,14,22.580645,44,60
d975c4a4-651f-4668-9174-dd64d23e793e,src/hooks/zustand/useReuseFlightPlan.ts,hooks,14,24.561403,40,56
fb8ed086-b01d-4228-87a6-638655482805,src/Components/HomePage/Body/Left/Voorbereiding/DrawingTool/Step2/Form.tsx,HomePage,14,50,5,18
fb8ed086-b01d-4228-87a6-638655482805,src/Components/HomePage/Body/Left/Voorbereiding/EnrichedAddPoint/Steps/Step3/Form.tsx,HomePage,14,50,5,18
1c61fa57-17a8-4dd7-91ff-04508ecccd33,src/Components/HomePage/Body/Left/Voorbereiding/EnrichedAddPoint/helpers/getDistanceInMeters.ts,HomePage,14,93.333336,2,17
1c61fa57-17a8-4dd7-91ff-04508ecccd33,src/Components/HomePage/Body/Left/Voorbereiding/EnrichedAddPoint/index.tsx,HomePage,14,18.918919,40,55
3b2d465a-1c76-48e6-9aec-722cf56fe867,src/Components/HomePage/Body/Left/Common/SearchedResultsTab/Functions/GroupFunctions.tsx,HomePage,14,7.821229,184,204
3b2d465a-1c76-48e6-9aec-722cf56fe867,src/Components/HomePage/Body/Left/Common/ResultTab/ListPointsFunctions/index.tsx,HomePage,14,15.730337,135,155
507c0312-9381-45f9-b03e-d4fe0cbd3512,src/Components/HomePage/Body/Left/Voorbereiding/EnrichedAddPoint/Steps/Step3/Buttons.tsx,HomePage,14,26.923077,39,52
507c0312-9381-45f9-b03e-d4fe0cbd3512,src/Components/HomePage/Body/Left/Voorbereiding/ViewPlan/Steps/AddPointStep/Steps/Step3/Buttons.tsx,HomePage,14,19.178082,48,62
5fe82a0e-51b7-4ebc-aa35-29b61e886599,src/Components/HomePage/Body/Left/Common/SearchedResultsTab/Functions/ListPointsFunctions/index.tsx,HomePage,14,13.725491,132,146
5fe82a0e-51b7-4ebc-aa35-29b61e886599,src/Components/HomePage/Body/Bottom/ClickedTableFunctions/PointsList.tsx,HomePage,14,7.8651686,240,254
ba6cdba7-4543-4bf1-805d-83cfc797f9c3,src/Components/HomePage/Body/Left/Voorbereiding/FlightPlan/Steps/Step3/Buttons.tsx,HomePage,13,13.402061,84,97
ba6cdba7-4543-4bf1-805d-83cfc797f9c3,src/Components/HomePage/Body/Left/Voorbereiding/FlightPlan/Steps/Step1/TemplateFlights/index.tsx,HomePage,13,24.528301,86,99
f2d2d472-23e4-478e-893f-13f955d2b483,backend/src/helpers/queries/formatPlanGeometries.ts,backend,13,8.552631,119,131
f2d2d472-23e4-478e-893f-13f955d2b483,backend/src/routes/geometries/getGeometries.ts,backend,13,39.39394,12,24
2102b890-cf98-41aa-8d0b-feb7417a31bd,src/Components/HomePage/Body/Left/Common/SearchedResultsTab/FlightPlans/FlightPlanDetails/DropDown.tsx,HomePage,13,35.135136,39,60
2102b890-cf98-41aa-8d0b-feb7417a31bd,src/Components/HomePage/Body/Bottom/ClickedTableFunctions/PlansList.tsx,HomePage,13,36.11111,38,59
2db8fa8c-8302-4ef4-9366-ad3bfb01c5cb,src/Components/HomePage/Body/Left/Voorbereiding/DrawingTool/Step2/Form.tsx,HomePage,13,46.42857,21,33
2db8fa8c-8302-4ef4-9366-ad3bfb01c5cb,src/Components/HomePage/Body/Left/Voorbereiding/EnrichedAddPoint/Steps/Step3/Form.tsx,HomePage,13,46.42857,21,33
6f47dbc9-f095-4d04-ab61-70933b4cca78,src/Components/HomePage/Body/Right/SelectedPlansPointsList/Common/useGeometryPlanImages.ts,HomePage,13,26,53,71
6f47dbc9-f095-4d04-ab61-70933b4cca78,src/Components/HomePage/Body/Right/SelectedPlansPointsList/Common/usePointPlanImages.ts,HomePage,13,22.413794,62,80
862c829b-278e-4020-91c7-2140021b4844,src/Components/HomePage/Body/Left/Nabewerking/CreateReport/Steps/Step2/Buttons.tsx,HomePage,12,15.789474,52,71
862c829b-278e-4020-91c7-2140021b4844,src/Components/HomePage/Body/Left/Nabewerking/CreateReport/Steps/Step2/Buttons.tsx,HomePage,12,15.789474,97,116
9335db13-ddd3-4ba8-b88b-cbf93f066916,src/Components/HomePage/Body/Left/Voorbereiding/FlightPlan/Common/PointsList.tsx,HomePage,12,35.294117,37,53
9335db13-ddd3-4ba8-b88b-cbf93f066916,src/Components/HomePage/Body/Left/Voorbereiding/TemplateFlight/PointsList.tsx,HomePage,12,15.584415,79,95
ffccbdaf-7516-470d-a3d6-f55d958b5dae,src/helpers/timeslider/flightPlansYellowHighlights.ts,helpers,12,14.117647,87,104
ffccbdaf-7516-470d-a3d6-f55d958b5dae,src/helpers/timeslider/selectedPlansPointsList.ts,helpers,12,8.275862,170,188
23f41f0b-1448-4678-be44-f17446011e57,src/Components/HomePage/Body/Left/Voorbereiding/ViewPlan/Steps/Step2/Form.tsx,HomePage,12,42.857143,20,31
23f41f0b-1448-4678-be44-f17446011e57,src/Components/HomePage/Body/Left/Voorbereiding/FlightPlan/Steps/Step1/index.tsx,HomePage,12,46.153847,17,28
37feedf7-a126-49d1-a7fe-8dd3a97ddecc,src/Components/HomePage/Body/Left/Nabewerking/VluchtenZoeken/Steps/Step2/Actions/Waarnemingen/EditPointDetails/Actions/EditPointCoordinates/index.tsx,HomePage,12,4.0816326,184,200
37feedf7-a126-49d1-a7fe-8dd3a97ddecc,src/Components/HomePage/Body/Left/Nabewerking/VluchtenZoeken/Steps/Step2/Actions/Waarnemingen/EditPointDetails/Actions/EditPointCoordinates/index.tsx,HomePage,12,4.0816326,317,332
6f9f8b89-d00d-4008-a7d6-14b097360806,src/Components/HomePage/Body/Left/Common/SearchedResultsTab/Functions/ListPointsFunctions/index.tsx,HomePage,12,11.764706,67,83
6f9f8b89-d00d-4008-a7d6-14b097360806,src/Components/HomePage/Body/Bottom/ClickedTableFunctions/PointsList.tsx,HomePage,12,6.741573,116,132
8cdf6da1-f4f4-4b0b-ab05-29de46dd586e,src/Components/HomePage/Body/Left/Voorbereiding/ViewPlan/Steps/AddPointStep/Steps/Step2/index.tsx,HomePage,11,19.642857,71,81
8cdf6da1-f4f4-4b0b-ab05-29de46dd586e,src/Components/HomePage/Body/Left/Voorbereiding/EnrichedAddPoint/Steps/Step2/useCoordinatesWatcher.ts,HomePage,11,47.826088,17,27
92d6e64a-ef0a-4ea0-9b69-d5a3f1ada5fc,src/hooks/features/useRenderGeometries.ts,hooks,11,16.923077,48,61
92d6e64a-ef0a-4ea0-9b69-d5a3f1ada5fc,src/hooks/features/useRenderGeometries.ts,hooks,11,16.923077,79,93
aa43ba8e-b3ea-48ed-97ad-f8f15ab082c7,src/helpers/points/buildPointUpdatePayload.ts,helpers,11,23.913044,43,53
aa43ba8e-b3ea-48ed-97ad-f8f15ab082c7,src/Components/HomePage/Body/Left/Nabewerking/VluchtenZoeken/Steps/Step2/Actions/Waarnemingen/EditGeometryDetails/Actions/Form/index.tsx,HomePage,11,11.578947,56,66
c06024a2-f080-4f65-a5f1-f4ec6cc91198,src/Components/HomePage/Body/Left/Nabewerking/VluchtenZoeken/Steps/Step1/Content/SinglePlan.tsx,HomePage,11,61.11111,15,27
c06024a2-f080-4f65-a5f1-f4ec6cc91198,src/Components/HomePage/Body/Left/Voorbereiding/ReuseFlightPlan/Steps/Step1/SinglePlan.tsx,HomePage,11,57.894737,20,32
cc74972f-d376-467f-adde-e7eb9ffff173,src/Components/HomePage/Body/Left/Voorbereiding/AddPointsVluchtPlan/Common/Filter.tsx,HomePage,11,55,21,32
cc74972f-d376-467f-adde-e7eb9ffff173,src/Components/HomePage/Body/Left/Voorbereiding/FlightPlan/Common/Filter.tsx,HomePage,11,45.833332,28,39
e693dac9-7ed2-47cf-b948-d3c375fc612b,src/Types/keycloakUser.ts,Types,11,100,1,11
e693dac9-7ed2-47cf-b948-d3c375fc612b,backend/src/routes/keycloak/management/users/types.ts,backend,11,100,1,11
ef8feed0-1487-4a5a-af8a-151f1a242f8b,src/Components/HomePage/Body/Left/Common/FiltersSection/FilterSelect.tsx,HomePage,11,91.666664,2,14
ef8feed0-1487-4a5a-af8a-151f1a242f8b,src/Components/HomePage/Body/Left/Common/FormComponents/SelectComp.tsx,HomePage,11,91.666664,4,16
2fd4f9f6-92ed-41c9-940b-e869045714d1,src/Components/HomePage/Body/Left/Nabewerking/CreateReport/Steps/Step1/index.tsx,HomePage,11,44,23,36
2fd4f9f6-92ed-41c9-940b-e869045714d1,src/Components/HomePage/Body/Left/Nabewerking/VluchtenZoeken/hooks/useFilterAndSortPlans.ts,HomePage,11,50,22,35
4c777b37-baa3-4991-8c07-e0b4cd56b962,src/Components/HomePage/Body/Left/Nabewerking/VluchtenZoeken/Steps/Step2/Actions/EditFlight/Buttons.tsx,HomePage,11,18.032787,55,65
4c777b37-baa3-4991-8c07-e0b4cd56b962,src/Components/HomePage/Body/Left/Voorbereiding/ViewPlan/Steps/EditPoint/Buttons/RemovePoint.tsx,HomePage,11,14.473684,52,62
6cd0b92d-400e-4d5e-9e97-806fed750031,backend/src/helpers/runReturningUpdate.ts,backend,11,18.644068,35,47
6cd0b92d-400e-4d5e-9e97-806fed750031,backend/src/helpers/runReturningUpdate.ts,backend,11,18.644068,73,85
83dc8caa-f22e-45c9-9a87-a7bb86b1299d,src/Components/HomePage/Body/Bottom/ClickedTableFunctions/PointsList.tsx,HomePage,10,5.6179776,114,127
83dc8caa-f22e-45c9-9a87-a7bb86b1299d,src/Components/HomePage/Body/Bottom/ClickedTableFunctions/PointsList.tsx,HomePage,10,5.6179776,146,158
8e58d1e4-555d-4a07-8075-9bcec05c3bc2,src/Components/HomePage/Body/Left/Voorbereiding/ViewPlan/Steps/AddPointToPlan/Buttons.tsx,HomePage,10,14.084507,26,38
8e58d1e4-555d-4a07-8075-9bcec05c3bc2,src/Components/HomePage/Body/Left/Voorbereiding/ViewPlan/Steps/AddPointsFromPlan/SelectFromSource/index.tsx,HomePage,10,3.9215686,344,354
98940d4f-a5c3-4cfc-be16-80627434a2d1,src/Components/HomePage/Body/Left/Voorbereiding/ViewPlan/Steps/AddPointStep/Steps/Step3/Buttons.tsx,HomePage,10,13.69863,100,115
98940d4f-a5c3-4cfc-be16-80627434a2d1,src/Components/HomePage/Body/Left/Voorbereiding/ViewPlan/Steps/AddPointStep/index.tsx,HomePage,10,11.627907,90,105
b5678f2b-29de-47e0-8b1a-7124d065290f,src/Components/HomePage/Body/Left/Common/SearchedResultsTab/Functions/ListPointsFunctions/index.tsx,HomePage,10,9.803922,104,117
b5678f2b-29de-47e0-8b1a-7124d065290f,src/Components/HomePage/Body/Bottom/ClickedTableFunctions/PointsList.tsx,HomePage,10,5.6179776,183,196
b5a999e5-2f4e-4eca-b76c-c1be6ad92dcc,src/Components/HomePage/Body/Left/Voorbereiding/FlightPlan/Steps/Step3/Buttons.tsx,HomePage,10,10.3092785,56,65
b5a999e5-2f4e-4eca-b76c-c1be6ad92dcc,src/Components/HomePage/Body/Left/Voorbereiding/TemplateFlight/Steps/Step3/Buttons.tsx,HomePage,10,10.752688,71,80
ba0dc346-8fd7-496c-ac0f-bd4d149e2a0d,src/Components/HomePage/Body/Left/Voorbereiding/ViewPlan/Steps/DuplicateFlightPlan/Step2/Buttons.tsx,HomePage,10,21.276596,24,33
ba0dc346-8fd7-496c-ac0f-bd4d149e2a0d,src/Components/HomePage/Body/Left/Voorbereiding/ViewPlan/Steps/DuplicateFlightPlan/Step2/Form.tsx,HomePage,10,21.276596,34,43
dca795b4-d310-4000-8bb1-8386fa502c98,src/Components/HomePage/Body/Left/Voorbereiding/TemplateFlight/Steps/Step3/index.tsx,HomePage,10,21.73913,30,41
dca795b4-d310-4000-8bb1-8386fa502c98,src/Components/HomePage/Body/Left/Voorbereiding/FlightPlan/Steps/Step3/index.tsx,HomePage,10,35.714287,36,47
fcb6ca8f-044d-4d73-84a0-8610258471e5,src/helpers/ArcGISHelpers/bufferGraphics.ts,helpers,10,16.393442,31,42
fcb6ca8f-044d-4d73-84a0-8610258471e5,src/Components/HomePage/Body/Left/Common/ResultTab/PointListBuffer.tsx,HomePage,10,25,30,41
1a927c5f-c180-47b0-beef-b3f687ede05d,src/Components/HomePage/Body/Left/Voorbereiding/TemplateFlight/Steps/Step2/index.tsx,HomePage,10,22.727272,28,39
1a927c5f-c180-47b0-beef-b3f687ede05d,src/Components/HomePage/Body/Left/Voorbereiding/FlightPlan/Steps/Step2/index.tsx,HomePage,10,35.714287,39,50
3285494b-3ee4-4512-a74d-a450723e2d4c,src/Components/HomePage/Body/Left/Common/SearchedResultsTab/FlightPlans/FlightPlansList/DropDown.tsx,HomePage,10,9.433962,82,95
3285494b-3ee4-4512-a74d-a450723e2d4c,src/Components/HomePage/Body/Left/Common/SearchedResultsTab/Functions/ListPointsFunctions/index.tsx,HomePage,10,9.803922,65,78
3532992f-62f1-4a17-ad08-bcd1977ef033,src/Components/HomePage/Body/Right/SelectedPlansPointsList/Common/useGeometryPlanImages.ts,HomePage,10,20,31,44
3532992f-62f1-4a17-ad08-bcd1977ef033,src/Components/HomePage/Body/Right/SelectedPlansPointsList/Common/usePointPlanImages.ts,HomePage,10,17.241379,40,53
5910d61e-a432-441e-afe9-fabe51728822,src/Components/HomePage/Body/Left/Common/AandachtspuntDetailsFields.tsx,HomePage,10,21.276596,10,19
5910d61e-a432-441e-afe9-fabe51728822,src/hooks/zustand/useDrawingStore.ts,hooks,10,26.31579,12,21
664a0096-4207-46a8-b2e6-853f942a2170,src/Components/HomePage/Body/Left/Voorbereiding/TemplateFlight/Steps/Step2/index.tsx,HomePage,10,22.727272,40,54
664a0096-4207-46a8-b2e6-853f942a2170,src/Components/HomePage/Body/Left/Voorbereiding/TemplateFlight/Steps/Step3/index.tsx,HomePage,10,21.73913,42,56
7a32d890-8dbd-4e74-800b-c212cc210e91,src/Components/HomePage/Body/Left/Nabewerking/VluchtenZoeken/Steps/Step2/Actions/EditFlight/FormElements.tsx,HomePage,10,21.276596,39,48
7a32d890-8dbd-4e74-800b-c212cc210e91,src/Components/HomePage/Body/Left/Voorbereiding/ReuseFlightPlan/Steps/Step2/FormInputs.tsx,HomePage,10,27.777779,39,48
7bb2f4d6-8779-43d8-88bc-a9269cead0f4,src/Components/HomePage/Body/Left/Voorbereiding/ReuseFlightPlan/Common/Filter.tsx,HomePage,10,76.92308,9,18
7bb2f4d6-8779-43d8-88bc-a9269cead0f4,src/Components/HomePage/Body/Left/Voorbereiding/ViewPlan/Filter/index.tsx,HomePage,10,76.92308,9,18
d00541d4-014f-4f1f-8feb-ad22de83f89b,src/Components/HomePage/Body/Bottom/PointsView/PointsTable/index.tsx,HomePage,9,28.125,46,55
d00541d4-014f-4f1f-8feb-ad22de83f89b,src/Components/HomePage/Body/Bottom/PointsView/GeometriesTable/index.tsx,HomePage,9,23.68421,50,59
d00541d4-014f-4f1f-8feb-ad22de83f89b,src/Components/HomePage/Body/Bottom/PointsView/FlightPlansTable/index.tsx,HomePage,9,10.4651165,121,130
fe097d36-99da-42c6-b26c-22a2593a5ddf,src/Components/HomePage/Body/Left/Common/SearchedResultsTab/FlightPlans/FlightPlansList/DropDown.tsx,HomePage,9,8.490566,84,95
fe097d36-99da-42c6-b26c-22a2593a5ddf,src/Components/HomePage/Body/Bottom/ClickedTableFunctions/PointsList.tsx,HomePage,9,5.05618,116,127
fe097d36-99da-42c6-b26c-22a2593a5ddf,src/Components/HomePage/Body/Bottom/ClickedTableFunctions/PointsList.tsx,HomePage,9,5.05618,147,158
1075a069-d3ce-4477-b96a-1e139ce2672d,src/hooks/zustand/shared/flightPlanFormFields.ts,hooks,9,15.5172415,26,34
1075a069-d3ce-4477-b96a-1e139ce2672d,src/hooks/zustand/nabewerking/useFinishedPlansState.ts,hooks,9,14.5161295,44,52
1075a069-d3ce-4477-b96a-1e139ce2672d,src/hooks/zustand/useReuseFlightPlan.ts,hooks,9,15.789474,40,48
3607eb6b-82a0-4f2a-a956-5befc1719eaa,src/Components/HomePage/Body/Left/Common/SearchedResultsTab/FlightPlans/FlightPlanDetails/DropDown.tsx,HomePage,9,24.324324,63,114
3607eb6b-82a0-4f2a-a956-5befc1719eaa,src/Components/HomePage/Body/Left/Common/SearchedResultsTab/Points/DropDown.tsx,HomePage,9,11.25,132,262
3607eb6b-82a0-4f2a-a956-5befc1719eaa,src/Components/HomePage/Body/Left/Common/SearchedResultsTab/FlightPlans/FlightPlansList/DropDown.tsx,HomePage,9,8.490566,180,310
79c999b7-00b7-4275-bb4f-4ce5882d3e4e,src/Components/HomePage/Head/Common/FilterTabs.tsx,HomePage,9,37.5,26,36
79c999b7-00b7-4275-bb4f-4ce5882d3e4e,src/Components/HomePage/Body/Left/Common/TabHeader/index.tsx,HomePage,9,16.071428,28,38
79c999b7-00b7-4275-bb4f-4ce5882d3e4e,src/Components/HomePage/Body/Left/Common/FiltersSection/index.tsx,HomePage,9,18.75,53,63
c67e52e2-d4e5-4be8-b63f-f3166fc9633b,src/Components/HomePage/Body/Left/Nabewerking/VluchtenZoeken/Steps/Step2/Actions/Waarnemingen/EditPointDetails/Actions/EditPointCoordinates/index.tsx,HomePage,7,2.3809524,194,200
c67e52e2-d4e5-4be8-b63f-f3166fc9633b,src/Components/HomePage/Body/Left/Nabewerking/VluchtenZoeken/Steps/Step2/Actions/Waarnemingen/EditPointDetails/Actions/EditPointCoordinates/index.tsx,HomePage,7,2.3809524,326,332
c67e52e2-d4e5-4be8-b63f-f3166fc9633b,src/Components/HomePage/Body/Left/Nabewerking/VluchtenZoeken/Steps/Step2/Actions/Waarnemingen/EditPointDetails/Actions/EditPointCoordinates/index.tsx,HomePage,7,2.3809524,444,450
c67e52e2-d4e5-4be8-b63f-f3166fc9633b,src/Components/HomePage/Body/Left/Voorbereiding/ViewPlan/Steps/EditPoint/Buttons/RemovePoint.tsx,HomePage,7,9.210526,89,95
c67e52e2-d4e5-4be8-b63f-f3166fc9633b,src/hooks/features/useRenderPoints.ts,hooks,7,8.641975,44,50
e05fa15b-f70e-4331-a86f-8ba1bf5c6553,src/Components/HomePage/Body/Left/Voorbereiding/EnrichedAddPoint/Steps/Step2/CoordinatesInput.tsx,HomePage,7,18.918919,12,18
e05fa15b-f70e-4331-a86f-8ba1bf5c6553,src/Components/HomePage/Body/Left/Voorbereiding/ViewPlan/Steps/AddPointStep/Steps/Step2/index.tsx,HomePage,7,12.5,29,35
e05fa15b-f70e-4331-a86f-8ba1bf5c6553,src/Components/HomePage/Body/Left/Voorbereiding/EnrichedAddPoint/Steps/Step2/UpdateBtn.tsx,HomePage,7,16.27907,16,22
e05fa15b-f70e-4331-a86f-8ba1bf5c6553,src/Components/HomePage/Body/Left/Voorbereiding/EnrichedAddPoint/Steps/Step2/useCoordinatesWatcher.ts,HomePage,7,30.434782,9,15
e36c1ebd-6852-4c89-be3e-7f24bb9c5703,src/Components/HomePage/Body/Left/Voorbereiding/ViewPlan/Steps/AddPointToPlan/index.tsx,HomePage,7,9.722222,59,67
e36c1ebd-6852-4c89-be3e-7f24bb9c5703,src/Components/HomePage/Body/Left/Voorbereiding/ViewPlan/Steps/AddPointsFromPlan/SelectFromSource/index.tsx,HomePage,7,2.745098,157,165
e36c1ebd-6852-4c89-be3e-7f24bb9c5703,src/Components/HomePage/Body/Left/Voorbereiding/ViewPlan/Steps/AddPointsFromPlan/SelectFromSource/index.tsx,HomePage,7,2.745098,175,183
e36c1ebd-6852-4c89-be3e-7f24bb9c5703,src/Components/HomePage/Body/Left/Voorbereiding/AddPointsVluchtPlan/Common/StepContent.tsx,HomePage,7,6.6666665,108,115
043624ae-6fb6-49d6-8421-2ef6d8b0e2dc,src/Components/HomePage/Body/Left/Voorbereiding/TemplateFlight/Steps/Step3/index.tsx,HomePage,7,15.217391,31,37
043624ae-6fb6-49d6-8421-2ef6d8b0e2dc,src/Components/HomePage/Body/Left/Voorbereiding/FlightPlan/Steps/Step3/index.tsx,HomePage,7,25,37,43
043624ae-6fb6-49d6-8421-2ef6d8b0e2dc,src/Components/HomePage/Body/Left/Voorbereiding/FlightPlan/Common/SelectButtons.tsx,HomePage,7,17.073172,20,26
043624ae-6fb6-49d6-8421-2ef6d8b0e2dc,src/Components/HomePage/Body/Left/Voorbereiding/AddPointsVluchtPlan/Common/SelectButtons.tsx,HomePage,7,15.555555,26,32
388d44ac-b7ed-4fa8-bdd6-bd8543ab8098,backend/src/helpers/queries/geometryJson.ts,backend,8,15.686275,13,20
388d44ac-b7ed-4fa8-bdd6-bd8543ab8098,src/helpers/points/pointColumnKeys.ts,helpers,8,18.60465,2,9
388d44ac-b7ed-4fa8-bdd6-bd8543ab8098,src/helpers/points/pointColumnKeys.ts,helpers,8,18.60465,18,25
3de8e997-7ed3-44b5-8748-959bb2e00afd,src/Components/HomePage/Body/Left/Voorbereiding/TemplateFlight/Steps/Step2/index.tsx,HomePage,7,15.909091,29,35
3de8e997-7ed3-44b5-8748-959bb2e00afd,src/Components/HomePage/Body/Left/Voorbereiding/FlightPlan/Steps/Step2/index.tsx,HomePage,7,25,40,46
3de8e997-7ed3-44b5-8748-959bb2e00afd,src/Components/HomePage/Body/Left/Voorbereiding/FlightPlan/Common/SelectButtons.tsx,HomePage,7,17.073172,34,40
3de8e997-7ed3-44b5-8748-959bb2e00afd,src/Components/HomePage/Body/Left/Voorbereiding/AddPointsVluchtPlan/Common/SelectButtons.tsx,HomePage,7,15.555555,43,49
870b6c1d-1061-43ee-a7b3-3e61c2fc1bd2,src/Components/HomePage/Body/Left/Common/SearchedResultsTab/Functions/ListPointsFunctions/index.tsx,HomePage,9,8.823529,53,63
870b6c1d-1061-43ee-a7b3-3e61c2fc1bd2,src/Components/HomePage/Body/Bottom/ClickedTableFunctions/PointsList.tsx,HomePage,9,5.05618,102,112
888efe20-ef56-4f42-a7da-1db35097cd0c,src/Components/HomePage/Body/Left/Common/ResultTab/ListPointsFunctions/index.tsx,HomePage,9,10.11236,98,108
888efe20-ef56-4f42-a7da-1db35097cd0c,src/Components/HomePage/Body/Bottom/ClickedTableFunctions/PointsList.tsx,HomePage,9,5.05618,134,144
9832abea-6494-4b6e-867a-1d2945489971,src/helpers/points/buildPointUpdatePayload.ts,helpers,6,13.043478,4,9
9832abea-6494-4b6e-867a-1d2945489971,src/Types/finished_plans.ts,Types,6,10.526316,31,36
9832abea-6494-4b6e-867a-1d2945489971,backend/src/helpers/validators/finishedPlan.ts,backend,6,8.823529,27,32
9832abea-6494-4b6e-867a-1d2945489971,src/Types/index.ts,Types,6,4.316547,5,10
9832abea-6494-4b6e-867a-1d2945489971,src/helpers/points/pointColumnKeys.ts,helpers,6,13.953488,34,39
a43e638b-594c-4b33-a0c4-c91637b3d8e1,src/hooks/zustand/nabewerking/useChangePlanStatusState.ts,hooks,9,18,24,37
a43e638b-594c-4b33-a0c4-c91637b3d8e1,src/hooks/zustand/nabewerking/useCreateReportState.ts,hooks,9,14.285714,33,46
b59ba80b-4a7a-44b3-a0b8-e6e5a537b885,src/Components/HomePage/Head/Common/FilterTabs.tsx,HomePage,9,37.5,15,24
b59ba80b-4a7a-44b3-a0b8-e6e5a537b885,src/Components/HomePage/Body/Left/Common/TabHeader/index.tsx,HomePage,9,16.071428,15,24
b91a5570-7094-456f-85f4-cbbf21e80ac0,src/hooks/points/sortPointsWithSelectionOrder.ts,hooks,9,45,8,20
b91a5570-7094-456f-85f4-cbbf21e80ac0,src/hooks/viewPlan/useSortedPointSelection.ts,hooks,9,47.36842,9,21
bd447fcd-14d0-432a-b89b-2df515d8f0e2,src/Components/HomePage/Body/Left/Nabewerking/VluchtenZoeken/Steps/Step2/Actions/EditFlight/Buttons.tsx,HomePage,9,14.754098,71,79
bd447fcd-14d0-432a-b89b-2df515d8f0e2,src/Components/HomePage/Body/Left/Voorbereiding/ViewPlan/Steps/EditPoint/Buttons/RemovePoint.tsx,HomePage,9,11.842105,31,39
c55530fb-4898-4e9c-a4fb-3da794a1996f,src/Components/HomePage/Body/Right/SelectedPlansPointsList/Images/SelectedPlanGeometryImagesPanel.tsx,HomePage,9,40.909092,24,59
c55530fb-4898-4e9c-a4fb-3da794a1996f,src/Components/HomePage/Body/Right/SelectedPlansPointsList/Images/SelectedPlanPointImagesPanel.tsx,HomePage,9,40.909092,24,59
c7cf86e5-0672-4a4a-9ba6-f3a5bd0c7040,src/helpers/tokens/ArcGISUserToken.ts,helpers,9,12.328767,57,65
c7cf86e5-0672-4a4a-9ba6-f3a5bd0c7040,src/helpers/refreshToken.ts,helpers,9,22.5,24,32
d0de319a-df80-4a68-aa31-48513ca95130,src/Components/HomePage/Body/Left/Tools/AandachtspuntenVerwijderen/Actions/EditPointDetails/Steps/Step2/Step2Sub1.tsx,HomePage,9,8.333333,80,90
d0de319a-df80-4a68-aa31-48513ca95130,src/Components/HomePage/Body/Left/Tools/AandachtspuntenVerwijderen/Actions/EditPointDetails/Steps/Step2/Step2Sub1.tsx,HomePage,9,8.333333,99,109
d500646d-9567-4392-bc1b-27e9f1ad7c70,src/Components/HomePage/Body/Left/Voorbereiding/TemplateFlight/templateFlightStates.ts,HomePage,9,23.68421,45,53
d500646d-9567-4392-bc1b-27e9f1ad7c70,src/hooks/zustand/voorbereiding/useFlightPlanState.ts,hooks,9,11.538462,95,103
d7775590-ac3c-43a7-a8bf-6488a94e09dd,src/Components/HomePage/Body/Left/Common/ResultTab/PointsList.tsx,HomePage,9,16.981133,76,85
d7775590-ac3c-43a7-a8bf-6488a94e09dd,src/Components/HomePage/Body/Left/Common/ResultTab/PointsListEdit.tsx,HomePage,9,24.324324,52,62
d93d72b5-c454-4f00-b549-f8da4c98c8bd,src/Components/HomePage/Body/Left/Voorbereiding/TemplateFlight/Steps/Step2/index.tsx,HomePage,9,20.454546,56,68
d93d72b5-c454-4f00-b549-f8da4c98c8bd,src/Components/HomePage/Body/Left/Voorbereiding/TemplateFlight/Steps/Step3/index.tsx,HomePage,9,19.565218,58,70
ed1f6a90-a651-43e0-9f7e-186ca5cad8f7,backend/src/routes/devices-updates/db.ts,backend,9,3.4615386,178,186
ed1f6a90-a651-43e0-9f7e-186ca5cad8f7,backend/src/routes/devices-updates/db.ts,backend,9,3.4615386,196,204
f5a72d9f-917f-4316-a31e-43981afedffa,src/Components/HomePage/Body/Bottom/ClickedTableFunctions/PlansList.tsx,HomePage,9,25,63,72
f5a72d9f-917f-4316-a31e-43981afedffa,src/Components/HomePage/Body/Bottom/ClickedTableFunctions/PointsList.tsx,HomePage,9,5.05618,71,80
02681662-dc1c-4617-8865-2c67b1009137,src/Components/HomePage/Body/Left/Voorbereiding/SelectedPoint/AddToPlan/StepNo/Buttons.tsx,HomePage,9,34.615383,8,18
02681662-dc1c-4617-8865-2c67b1009137,src/Components/HomePage/Body/Left/Voorbereiding/SelectedPoint/AddToPlan/StepMultiplePoints/Buttons.tsx,HomePage,9,34.615383,8,18
212378f1-fcb8-4eca-9c72-0bb5a08368e6,src/hooks/zustand/shared/flightPlanFormFields.ts,hooks,9,15.5172415,41,49
212378f1-fcb8-4eca-9c72-0bb5a08368e6,src/hooks/zustand/voorbereiding/useFlightPlanState.ts,hooks,9,11.538462,86,94
2cea880b-8e56-4998-9f63-ba12dd4d8a57,src/Components/HomePage/Body/Left/Voorbereiding/EnrichedAddPoint/Steps/Step2/CoordinatesInput.tsx,HomePage,9,24.324324,12,22
2cea880b-8e56-4998-9f63-ba12dd4d8a57,src/Components/HomePage/Body/Left/Voorbereiding/EnrichedAddPoint/Steps/Step2/UpdateBtn.tsx,HomePage,9,20.930233,16,26
4fc2478a-46f7-4700-b91c-672f419f1f9d,src/Components/HomePage/Body/Left/Common/ResultTab/PointsList.tsx,HomePage,9,16.981133,31,39
4fc2478a-46f7-4700-b91c-672f419f1f9d,src/Components/HomePage/Body/Left/Common/ResultTab/PointsListEdit.tsx,HomePage,9,24.324324,42,50
52508c7c-c9a6-44ef-bfac-2dcff13afa7e,src/hooks/filters/usePlansFilterStore.ts,hooks,9,34.615383,25,36
52508c7c-c9a6-44ef-bfac-2dcff13afa7e,src/hooks/filters/usePointsFilterStore.ts,hooks,9,29.032259,31,42
5ec5e359-6baf-4088-900b-6de90869741d,src/Components/HomePage/Body/Left/Common/SearchedResultsTab/Points/DropDown.tsx,HomePage,6,7.5,75,82
5ec5e359-6baf-4088-900b-6de90869741d,src/Components/HomePage/Body/Left/Common/SearchedResultsTab/FlightPlans/FlightPlansList/DropDown.tsx,HomePage,6,5.6603775,84,91
5ec5e359-6baf-4088-900b-6de90869741d,src/Components/HomePage/Body/Left/Common/SearchedResultsTab/Functions/ListPointsFunctions/index.tsx,HomePage,6,5.882353,67,74
5ec5e359-6baf-4088-900b-6de90869741d,src/Components/HomePage/Body/Bottom/ClickedTableFunctions/PointsList.tsx,HomePage,6,3.3707864,116,123
5ec5e359-6baf-4088-900b-6de90869741d,src/Components/HomePage/Body/Bottom/ClickedTableFunctions/PointsList.tsx,HomePage,6,3.3707864,147,154
8b878836-5e7a-4ded-be7d-fa2d9e54454a,src/Components/HomePage/Body/Left/Voorbereiding/EnrichedAddPoint/helpers/getDistanceInMeters.ts,HomePage,7,46.666668,9,17
8b878836-5e7a-4ded-be7d-fa2d9e54454a,src/helpers/getDistanceMeters.ts,helpers,7,46.666668,9,16
8b878836-5e7a-4ded-be7d-fa2d9e54454a,src/Components/HomePage/Body/Left/Voorbereiding/EnrichedAddPoint/index.tsx,HomePage,7,9.459459,47,55
b636e1c2-fc2b-42d0-8e02-86935d037cfa,src/Components/HomePage/Body/Left/Voorbereiding/ViewPlan/Steps/Step2/Form.tsx,HomePage,6,21.428572,32,37
b636e1c2-fc2b-42d0-8e02-86935d037cfa,src/Components/HomePage/Body/Left/Nabewerking/VluchtenZoeken/Steps/Step2/Actions/EditFlight/FormElements.tsx,HomePage,6,12.765958,31,36
b636e1c2-fc2b-42d0-8e02-86935d037cfa,src/Components/HomePage/Body/Left/Voorbereiding/ReuseFlightPlan/Steps/Step2/FormInputs.tsx,HomePage,6,16.666666,31,36
b636e1c2-fc2b-42d0-8e02-86935d037cfa,src/Components/HomePage/Body/Left/Voorbereiding/FlightPlan/Steps/Step1/index.tsx,HomePage,6,23.076923,30,35
d75ac7ed-411f-4552-99e4-e47aa347de5e,backend/src/helpers/queries/geometryJson.ts,backend,6,11.764706,13,18
d75ac7ed-411f-4552-99e4-e47aa347de5e,src/helpers/points/pointColumnKeys.ts,helpers,6,13.953488,2,7
d75ac7ed-411f-4552-99e4-e47aa347de5e,src/helpers/points/pointColumnKeys.ts,helpers,6,13.953488,18,23
d75ac7ed-411f-4552-99e4-e47aa347de5e,backend/src/helpers/queries/pointFields.ts,backend,6,6.382979,2,7
e719a1d9-1619-4d27-a065-140a461a9592,src/Components/HomePage/Body/Left/Common/SearchedResultsTab/FlightPlans/FlightPlansList/DropDown.tsx,HomePage,7,6.6037736,104,110
e719a1d9-1619-4d27-a065-140a461a9592,src/Components/HomePage/Body/Bottom/ClickedTableFunctions/PointsList.tsx,HomePage,7,3.9325843,183,189
e719a1d9-1619-4d27-a065-140a461a9592,src/Components/HomePage/Body/Bottom/ClickedTableFunctions/PointsList.tsx,HomePage,7,3.9325843,213,219
21b7e925-f24f-40b2-90a2-a96d3e179912,src/Components/HomePage/Body/Left/Common/PeriodFilterPanel.tsx,HomePage,6,20.689655,5,10
21b7e925-f24f-40b2-90a2-a96d3e179912,src/hooks/zustand/nabewerking/useChangePlanStatusState.ts,hooks,6,12,24,31
21b7e925-f24f-40b2-90a2-a96d3e179912,src/hooks/zustand/nabewerking/useCreateReportState.ts,hooks,6,9.523809,33,40
21b7e925-f24f-40b2-90a2-a96d3e179912,src/hooks/zustand/nabewerking/useFinishedPlansState.ts,hooks,6,9.67742,29,36
5c3000fa-048b-4ef4-9e48-870cafe94980,src/Components/HomePage/Body/Left/Voorbereiding/ReuseFlightPlan/Common/Filter.tsx,HomePage,7,53.846153,12,18
5c3000fa-048b-4ef4-9e48-870cafe94980,src/Components/HomePage/Body/Left/Voorbereiding/RemoveFlightPlan/Filter/index.tsx,HomePage,7,53.846153,10,16
5c3000fa-048b-4ef4-9e48-870cafe94980,src/Components/HomePage/Body/Left/Voorbereiding/ViewPlan/Filter/index.tsx,HomePage,7,53.846153,12,18
73198d5d-bf41-4fa4-a548-9a1b85d16c25,src/Types/finished_plans.ts,Types,7,12.280702,30,36
73198d5d-bf41-4fa4-a548-9a1b85d16c25,backend/src/helpers/validators/finishedPlan.ts,backend,7,10.294118,26,32
73198d5d-bf41-4fa4-a548-9a1b85d16c25,src/Types/index.ts,Types,7,5.035971,4,10
78c3cf18-08f1-4b7f-a2d7-5145e921ff81,src/Components/HomePage/Body/Left/Voorbereiding/ViewPlan/Steps/EditPoint/Buttons/RemovePoint.tsx,HomePage,7,9.210526,102,110
78c3cf18-08f1-4b7f-a2d7-5145e921ff81,src/hooks/features/useRenderPoints.ts,hooks,7,8.641975,63,70
78c3cf18-08f1-4b7f-a2d7-5145e921ff81,src/hooks/features/useRenderPoints.ts,hooks,7,8.641975,78,86
832f4414-9976-4132-823b-bd5f6068d71d,src/Components/HomePage/Body/Left/Voorbereiding/FlightPlan/Steps/Step1/ImportVluchtPlan.tsx,HomePage,6,3.8961039,110,115
832f4414-9976-4132-823b-bd5f6068d71d,src/helpers/ZustandStates/popUpState.ts,helpers,6,15.789474,6,11
832f4414-9976-4132-823b-bd5f6068d71d,src/hooks/zustand/tools/useDeletePointState.ts,hooks,6,5.6603775,101,106
8b0a205d-522f-49af-9f47-1b171a3b7605,src/Types/devices.ts,Types,8,34.782608,10,17
8b0a205d-522f-49af-9f47-1b171a3b7605,backend/src/routes/devices-updates/types.ts,backend,8,24.242424,14,21
8eb4898a-0250-49ae-9dd4-42e0cf3fe941,src/Components/HomePage/Body/Left/Voorbereiding/TemplateFlight/templateFlightStates.ts,HomePage,6,15.789474,5,12
8eb4898a-0250-49ae-9dd4-42e0cf3fe941,src/hooks/zustand/useAddPointStates.ts,hooks,6,20,5,12
8eb4898a-0250-49ae-9dd4-42e0cf3fe941,src/hooks/zustand/voorbereiding/useFlightPlanState.ts,hooks,6,7.6923075,35,42
8fe9ea83-cc99-42bb-87a3-585c0d58c1a5,src/Components/HomePage/Body/Left/Voorbereiding/ViewPlan/Steps/EditPoint/Buttons/index.tsx,HomePage,8,66.666664,7,15
8fe9ea83-cc99-42bb-87a3-585c0d58c1a5,src/Components/HomePage/Body/Left/Voorbereiding/ViewPlan/Steps/EditPoint/Buttons/Submit.tsx,HomePage,8,22.857143,7,15
95f4e564-a1b9-4000-a922-ee04811922e0,src/Types/index.ts,Types,6,4.316547,31,36
95f4e564-a1b9-4000-a922-ee04811922e0,src/hooks/flightPlan/populateFormFromPlan.ts,hooks,6,26.086956,4,9
95f4e564-a1b9-4000-a922-ee04811922e0,src/hooks/flightPlan/usePopulateFlightPlanFormEffect.ts,hooks,6,18.75,28,33
96be4e50-5d6b-4cb0-a40d-234766ffcddc,src/Components/HomePage/Body/Left/Voorbereiding/FlightPlan/Common/SelectButtons.tsx,HomePage,8,19.512196,34,43
96be4e50-5d6b-4cb0-a40d-234766ffcddc,src/Components/HomePage/Body/Left/Voorbereiding/AddPointsVluchtPlan/Common/SelectButtons.tsx,HomePage,8,17.777779,43,52
98b9dd61-f28c-49b5-abf0-195b0c967a54,backend/src/routes/points/editPointStatus.ts,backend,8,38.095238,6,14
98b9dd61-f28c-49b5-abf0-195b0c967a54,backend/src/routes/flightPlans/updateFlightPlanStatus.ts,backend,8,53.333332,6,14
af14cc80-b8ab-428e-97d2-284979aae2eb,src/Components/HomePage/Body/Left/Common/AandachtspuntDetailsFields.tsx,HomePage,6,12.765958,44,49
af14cc80-b8ab-428e-97d2-284979aae2eb,src/Components/HomePage/Body/Left/Voorbereiding/DrawingTool/Step2/Form.tsx,HomePage,6,21.428572,13,18
af14cc80-b8ab-428e-97d2-284979aae2eb,src/Components/HomePage/Body/Left/Voorbereiding/ViewPlan/Steps/AddPointStep/Steps/Step3/Form.tsx,HomePage,6,33.333332,19,24
af4643b9-f8e4-4e1c-a242-0ad951726b54,src/Components/HomePage/Body/Left/Voorbereiding/FlightPlan/Common/SelectButtons.tsx,HomePage,8,19.512196,20,29
af4643b9-f8e4-4e1c-a242-0ad951726b54,src/Components/HomePage/Body/Left/Voorbereiding/AddPointsVluchtPlan/Common/SelectButtons.tsx,HomePage,8,17.777779,26,35
c08a36ac-e8a1-46c2-9c61-cc66660681ac,src/Types/devices.ts,Types,8,34.782608,1,8
c08a36ac-e8a1-46c2-9c61-cc66660681ac,backend/src/routes/devices-updates/types.ts,backend,8,24.242424,1,8
c0919ae3-fcf5-4818-b349-6d20d3fdb27d,src/Components/HomePage/Body/Left/Voorbereiding/FlightPlan/Steps/Step1/ImportVluchtPlan.tsx,HomePage,8,5.194805,110,117
c0919ae3-fcf5-4818-b349-6d20d3fdb27d,src/helpers/ZustandStates/popUpState.ts,helpers,8,21.052631,6,13
cddd0948-5375-4dab-ac81-99b5d70a5ff7,src/Components/HomePage/Body/Left/Common/SearchedResultsTab/Functions/GroupFunctions.tsx,HomePage,8,4.4692736,22,30
cddd0948-5375-4dab-ac81-99b5d70a5ff7,src/Components/HomePage/Body/Left/Common/SearchedResultsTab/Functions/PointsBuffer.tsx,HomePage,8,22.857143,10,18
d0c828c0-ede2-41f5-b3e5-5f3c62eb11c3,src/Components/HomePage/Body/Left/Tools/AandachtspuntenVerwijderen/Actions/ViewPlans/PlanInformation.tsx,HomePage,8,100,5,14
d0c828c0-ede2-41f5-b3e5-5f3c62eb11c3,src/Components/HomePage/Body/Left/Voorbereiding/SelectedPoint/ViewPlans/PlanInformation.tsx,HomePage,8,80,7,16
d81dee54-f0aa-4397-afcb-c27d3e19bdc5,src/Components/HomePage/Body/Left/Voorbereiding/TemplateFlight/PointsList.tsx,HomePage,8,10.38961,54,62
d81dee54-f0aa-4397-afcb-c27d3e19bdc5,src/Components/HomePage/Body/Left/Voorbereiding/AddPointsVluchtPlan/Common/PointsList.tsx,HomePage,8,19.512196,54,62
dbba2c9e-0490-4f14-897c-7791d537535e,src/Components/DashboardPage/ResetPassword/index.tsx,DashboardPage,8,17.021276,67,85
dbba2c9e-0490-4f14-897c-7791d537535e,src/Components/DashboardPage/EditUser/index.tsx,DashboardPage,8,11.428572,105,123
e6ff0ccc-44c5-4995-b473-94dc073d9738,src/Components/HomePage/Body/Left/Nabewerking/CreateReport/Steps/Step1/SinglePlan.tsx,HomePage,8,26.666666,12,20
e6ff0ccc-44c5-4995-b473-94dc073d9738,src/Components/HomePage/Body/Left/Voorbereiding/RemoveFlightPlan/SinglePlan.tsx,HomePage,8,38.095238,19,28
ef2c0fd6-8ce3-4a94-b9b5-020aa54891cd,src/helpers/ArcGISHelpers/createSymbols.ts,helpers,6,24,9,14
ef2c0fd6-8ce3-4a94-b9b5-020aa54891cd,src/Components/HomePage/Body/Left/Nabewerking/VluchtenZoeken/Steps/Step2/Actions/Waarnemingen/EditPointDetails/Actions/EditPointCoordinates/index.tsx,HomePage,6,2.0408163,362,367
ef2c0fd6-8ce3-4a94-b9b5-020aa54891cd,src/Components/HomePage/Body/Left/Voorbereiding/ViewPlan/Steps/AddPointsFromPlan/SelectFromSource/index.tsx,HomePage,6,2.3529413,391,396
f1f33d86-8b2f-4232-9d5f-7724c89fd4d8,backend/src/routes/template_plans/createTemplateFlightPlan.ts,backend,8,29.62963,48,55
f1f33d86-8b2f-4232-9d5f-7724c89fd4d8,backend/src/routes/template_plans/createTemplateName.ts,backend,8,47.058823,31,38
f4395e70-4f99-42a1-88ab-3e4fcff491a4,src/Components/HomePage/Body/Left/Voorbereiding/AddPointsVluchtPlan/Step3/index.tsx,HomePage,8,38.095238,9,17
f4395e70-4f99-42a1-88ab-3e4fcff491a4,src/Components/HomePage/Body/Left/Voorbereiding/AddPointsVluchtPlan/Step2/index.tsx,HomePage,8,38.095238,9,17
013ce5e9-fcac-41d3-93c8-ba904d6498b6,src/Components/HomePage/Body/Bottom/ClickedTableFunctions/PointsList.tsx,HomePage,8,4.494382,182,189
013ce5e9-fcac-41d3-93c8-ba904d6498b6,src/Components/HomePage/Body/Bottom/ClickedTableFunctions/PointsList.tsx,HomePage,8,4.494382,212,219
01480fb1-d0f3-4575-bdf3-3b5ab40c49c6,src/Components/HomePage/Body/Left/Voorbereiding/ViewPlan/helpers/usePlanDuplicateState.ts,HomePage,8,17.391304,56,63
01480fb1-d0f3-4575-bdf3-3b5ab40c49c6,src/hooks/zustand/voorbereiding/useViewPlanState.ts,hooks,8,12.307693,81,88
0e17bdac-296e-4195-b4eb-e552440cff80,src/Components/HomePage/Body/Left/Tools/AandachtspuntenVerwijderen/Actions/AddToPlan/Step1.tsx,HomePage,8,72.72727,6,15
0e17bdac-296e-4195-b4eb-e552440cff80,src/Components/HomePage/Body/Left/Voorbereiding/SelectedPoint/AddToPlan/Step1.tsx,HomePage,8,19.047619,6,15
10107730-9663-40ee-9ce4-0cd804d138ff,src/helpers/tokens/ArcGISUserToken.ts,helpers,6,8.219178,58,63
10107730-9663-40ee-9ce4-0cd804d138ff,src/helpers/refreshToken.ts,helpers,6,15,11,16
10107730-9663-40ee-9ce4-0cd804d138ff,src/helpers/refreshToken.ts,helpers,6,15,25,30
1ddb37ab-2814-4a24-b5fa-68ecf1b7854d,src/Components/HomePage/Body/Bottom/PointsView/common/hooks/useTableScrollWidth.ts,HomePage,8,17.391304,15,22
1ddb37ab-2814-4a24-b5fa-68ecf1b7854d,src/Components/HomePage/Body/Bottom/PointsView/common/hooks/useTableScrollWidth.ts,HomePage,8,17.391304,50,57
267f6af6-fe89-4cf6-a75c-f1eced48b77f,src/helpers/tokens/ArcGISUserToken.ts,helpers,8,10.958904,34,41
267f6af6-fe89-4cf6-a75c-f1eced48b77f,src/helpers/refreshToken.ts,helpers,8,20,10,17
267f70fb-8e8a-4060-8d36-2ae759632cb0,src/Components/HomePage/Body/Left/Tools/AandachtspuntenVerwijderen/Actions/Main/index.tsx,HomePage,8,13.559322,42,54
267f70fb-8e8a-4060-8d36-2ae759632cb0,src/hooks/features/useRenderPoints.ts,hooks,8,9.876543,102,114
32c112b6-7224-453e-878d-84bd8a83151c,src/Components/HomePage/Body/Left/Common/SearchedResultsTab/FlightPlans/FlightPlansList/DropDown.tsx,HomePage,8,7.5471697,102,110
32c112b6-7224-453e-878d-84bd8a83151c,src/Components/HomePage/Body/Left/Common/SearchedResultsTab/Functions/ListPointsFunctions/index.tsx,HomePage,8,7.8431373,102,110
38dccb7b-1272-48ea-a531-b0a2dec098de,src/Components/HomePage/Body/Left/Voorbereiding/ViewPlan/Steps/AddPointStep/index.tsx,HomePage,8,9.302325,62,69
38dccb7b-1272-48ea-a531-b0a2dec098de,src/Components/HomePage/Body/Left/Voorbereiding/EnrichedAddPoint/index.tsx,HomePage,8,10.810811,87,94
39c2544c-31dc-492f-bfb2-50507236658e,backend/src/helpers/queries/pointFields.ts,backend,8,8.510638,74,81
39c2544c-31dc-492f-bfb2-50507236658e,backend/src/routes/geometries/updateGeometry.ts,backend,8,9.090909,74,81
3a798735-e326-4f48-b090-aca6e4389fb1,src/Components/HomePage/Body/Left/Voorbereiding/ViewPlan/Steps/AddPointStep/Steps/Step2/index.tsx,HomePage,8,14.285714,28,35
3a798735-e326-4f48-b090-aca6e4389fb1,src/Components/HomePage/Body/Left/Voorbereiding/EnrichedAddPoint/Steps/Step2/UpdateBtn.tsx,HomePage,8,18.60465,15,22
45dabf76-6ce1-401e-9199-ed746819a973,src/Components/HomePage/Body/Left/Voorbereiding/EnrichedAddPoint/Steps/Step3/Form.tsx,HomePage,8,28.571428,13,21
45dabf76-6ce1-401e-9199-ed746819a973,src/Components/HomePage/Body/Left/Voorbereiding/ViewPlan/Steps/AddPointStep/Steps/Step3/Form.tsx,HomePage,8,44.444443,19,27
47c51e46-3584-4689-9de5-4f59c0540f41,src/Components/HomePage/Body/Left/Nabewerking/CreateReport/helpers/generatePdfReport.ts,HomePage,8,3.9800994,114,122
47c51e46-3584-4689-9de5-4f59c0540f41,src/Components/HomePage/Body/Left/Nabewerking/CreateReport/helpers/generatePdfReport.ts,HomePage,8,3.9800994,148,156
574950ff-59f5-43d9-a045-04b76cc34392,src/Components/HomePage/Body/Right/SelectedPlansPointsList/Common/useGeometryPlanImages.ts,HomePage,8,16,19,29
574950ff-59f5-43d9-a045-04b76cc34392,src/Components/HomePage/Body/Right/SelectedPlansPointsList/Common/usePointPlanImages.ts,HomePage,8,13.793103,28,38
59bbb750-dd76-4b1d-81ec-0ab24d1d90ab,src/Components/HomePage/Body/Left/Nabewerking/CreateReport/helpers/generatePdfReport.ts,HomePage,6,2.9850745,82,87
59bbb750-dd76-4b1d-81ec-0ab24d1d90ab,src/Components/HomePage/Body/Left/Nabewerking/CreateReport/helpers/generatePdfReport.ts,HomePage,6,2.9850745,114,119
59bbb750-dd76-4b1d-81ec-0ab24d1d90ab,src/Components/HomePage/Body/Left/Nabewerking/CreateReport/helpers/generatePdfReport.ts,HomePage,6,2.9850745,148,153
6245d6c5-1321-40e1-a59b-ea8e991eb1f5,src/Components/HomePage/Body/Left/Voorbereiding/TemplateFlight/templateFlightStates.ts,HomePage,8,21.052631,33,40
6245d6c5-1321-40e1-a59b-ea8e991eb1f5,src/hooks/zustand/voorbereiding/useFlightPlanState.ts,hooks,8,10.256411,73,80
788d726c-c8d4-4568-81a8-a0f55e236bdd,src/Components/HomePage/Body/Left/Common/ResultTab/PointsList.tsx,HomePage,6,11.320755,33,38
788d726c-c8d4-4568-81a8-a0f55e236bdd,src/Components/HomePage/Body/Left/Common/ResultTab/PointsListEdit.tsx,HomePage,6,16.216217,44,49
788d726c-c8d4-4568-81a8-a0f55e236bdd,src/hooks/resultTab/useResultTabStarredPointActions.ts,hooks,6,23.076923,35,40
7907b8f4-3cee-44f2-b74a-41e20c95675a,src/Components/HomePage/Body/Left/Common/AandachtspuntDetailsFields.tsx,HomePage,6,12.765958,14,19
7907b8f4-3cee-44f2-b74a-41e20c95675a,src/hooks/zustand/useDrawingStore.ts,hooks,6,15.789474,16,21
7907b8f4-3cee-44f2-b74a-41e20c95675a,src/hooks/zustand/useEnrichedPointState.ts,hooks,6,6.122449,32,39
7abf385a-d348-4cbb-b01f-d83a6eed1bb8,src/Components/HomePage/Body/Left/Voorbereiding/EnrichedAddPoint/helpers/getDistanceInMeters.ts,HomePage,6,40,2,7
7abf385a-d348-4cbb-b01f-d83a6eed1bb8,src/helpers/getDistanceMeters.ts,helpers,6,40,2,7
7abf385a-d348-4cbb-b01f-d83a6eed1bb8,src/Components/HomePage/Body/Left/Voorbereiding/EnrichedAddPoint/index.tsx,HomePage,6,8.1081085,40,45
81dc1be3-30f6-4cc0-be14-e57762209051,src/hooks/hover-click-handlers/useFeatureLayerPopup.ts,hooks,7,7.6923075,141,150
81dc1be3-30f6-4cc0-be14-e57762209051,src/hooks/hover-click-handlers/useFeatureLayerPopup.ts,hooks,7,7.6923075,162,170
87600092-25de-467a-ac42-c503d2a275cf,src/Components/HomePage/Body/Left/Common/SearchedResultsTab/Functions/ListPointsFunctions/index.tsx,HomePage,7,6.8627453,91,99
87600092-25de-467a-ac42-c503d2a275cf,src/Components/HomePage/Body/Bottom/ClickedTableFunctions/PointsList.tsx,HomePage,7,3.9325843,171,179
8d158493-af55-4a4c-917b-813322008656,src/Components/HomePage/Body/Left/Voorbereiding/AddPointsVluchtPlan/Common/PointsList.tsx,HomePage,6,14.634147,36,47
8d158493-af55-4a4c-917b-813322008656,src/hooks/viewPlan/useMapPointSelectionClick.ts,hooks,6,26.086956,28,39
9045f2a1-0872-4f04-8652-d0d093ea001f,src/Components/HomePage/Body/Left/Voorbereiding/FlightPlan/Common/PointsList.tsx,HomePage,7,20.588236,11,18
9045f2a1-0872-4f04-8652-d0d093ea001f,src/Components/HomePage/Body/Left/Voorbereiding/AddPointsVluchtPlan/Common/PointsList.tsx,HomePage,7,17.073172,11,18
974360fe-5b4b-4b7a-9dc6-ef06d394681e,src/Components/HomePage/Body/Left/Nabewerking/CreateReport/Steps/Step2/hooks/useRenderGeometries.ts,HomePage,7,12.962963,34,44
974360fe-5b4b-4b7a-9dc6-ef06d394681e,src/Components/HomePage/Body/Left/Nabewerking/VluchtenZoeken/hooks/useRenderPlanGeometries.ts,HomePage,7,25.925926,43,53
97a44013-dc48-4433-a879-4605be35d9bc,src/Components/HomePage/Body/Left/Voorbereiding/ViewPlan/Steps/AddPointsFromPlan/SelectFromSource/index.tsx,HomePage,6,2.3529413,272,280
97a44013-dc48-4433-a879-4605be35d9bc,src/hooks/features/useHoverPointsAndGeometries.ts,hooks,6,14.634147,68,76
9ef2ed62-43bb-4062-9785-bc1120373f41,index.html,Root files,6,31.578947,6,11
9ef2ed62-43bb-4062-9785-bc1120373f41,public/index.html,public,6,33.333332,6,11
a3e26000-1c99-4f5f-8f95-1fe23538e393,src/Components/HomePage/Body/Left/Common/BottomTabs/KaartlagenlijstTab.tsx,HomePage,7,43.75,6,14
a3e26000-1c99-4f5f-8f95-1fe23538e393,src/Components/HomePage/Body/Left/Common/BottomTabs/SearchedTab.tsx,HomePage,7,43.75,6,15
a5bee686-9099-47bd-851c-bb3a3b3d8a18,src/utils/useCreateData.ts,utils,7,10.9375,88,94
a5bee686-9099-47bd-851c-bb3a3b3d8a18,src/utils/useUpdateData.ts,utils,7,13.725491,69,75
a76fd47a-4e92-4a61-b889-b8914762a163,src/helpers/ArcGISHelpers/createGeometryMapGraphics.ts,helpers,6,6.382979,54,60
a76fd47a-4e92-4a61-b889-b8914762a163,src/Components/HomePage/Body/Left/Voorbereiding/ViewPlan/Steps/Step2/index.tsx,HomePage,6,7.2289157,120,126
b247d154-b6d6-42fe-9d20-3560e44e10db,src/Components/DashboardPage/AddUser/index.tsx,DashboardPage,6,10.526316,46,52
b247d154-b6d6-42fe-9d20-3560e44e10db,src/Components/DashboardPage/EditUser/index.tsx,DashboardPage,6,8.571428,52,58
b2c5ece0-2af5-493a-b2d6-c1425985f689,src/Components/HomePage/Body/Left/Voorbereiding/TemplateFlight/Steps/Step2/Buttons.tsx,HomePage,6,10.526316,64,71
b2c5ece0-2af5-493a-b2d6-c1425985f689,src/Components/HomePage/Body/Left/Voorbereiding/TemplateFlight/Steps/Step2/Buttons.tsx,HomePage,6,10.526316,83,90
b72b04eb-27b4-43ff-ab65-71b6f8d8d555,src/hooks/filters/usePlansFilterStore.ts,hooks,7,26.923077,9,18
b72b04eb-27b4-43ff-ab65-71b6f8d8d555,src/hooks/filters/usePointsFilterStore.ts,hooks,7,22.580645,12,21
b89fd2f3-728d-4a7b-aba7-c85a100d2779,src/helpers/ArcGISHelpers/createPin.ts,helpers,6,16.216217,18,25
b89fd2f3-728d-4a7b-aba7-c85a100d2779,src/helpers/ArcGISHelpers/createYellowBorder.ts,helpers,6,37.5,10,17
bbc80c94-9cac-44d7-8700-00478acee272,src/Components/HomePage/Body/Left/Common/SearchedResultsTab/Functions/GroupFunctions.tsx,HomePage,7,3.9106145,104,112
bbc80c94-9cac-44d7-8700-00478acee272,src/Components/HomePage/Body/Left/Common/ResultTab/ListPointsFunctions/index.tsx,HomePage,7,7.8651686,118,126
ccfddcf9-2fd4-411e-90f4-f69f132caf13,src/Components/HomePage/Body/Left/Voorbereiding/FlightPlan/Common/GeometriesList.tsx,HomePage,7,5.5555553,201,209
ccfddcf9-2fd4-411e-90f4-f69f132caf13,src/Components/HomePage/Body/Left/Voorbereiding/AddPointsVluchtPlan/Common/PointsList.tsx,HomePage,7,17.073172,33,41
cee324d9-f35c-4707-8f34-c64b0fe61228,backend/scripts/verify-regio-apis.ts,backend,6,2.0270271,172,177
cee324d9-f35c-4707-8f34-c64b0fe61228,backend/scripts/verify-regio-apis.ts,backend,6,2.0270271,196,201
d1122514-d63e-421a-a5c1-0f0c3424523a,src/Components/HomePage/Body/Left/Nabewerking/CreateReport/helpers/useHandleStep2/processGeometry.ts,HomePage,7,7.2916665,26,32
d1122514-d63e-421a-a5c1-0f0c3424523a,src/Components/HomePage/Body/Left/Nabewerking/CreateReport/helpers/useHandleStep2/processPoint.ts,HomePage,7,7.5268817,22,28
dc465e67-5ab1-425a-a965-ce8c3a4b935b,src/Components/HomePage/Body/Left/Common/SearchedResultsTab/FlightPlans/FlightPlansList/ClickedPlan.tsx,HomePage,7,21.875,18,25
dc465e67-5ab1-425a-a965-ce8c3a4b935b,src/Components/HomePage/Body/Left/Common/SearchedResultsTab/FlightPlans/FlightPlanDetails/DropDown.tsx,HomePage,7,18.918919,36,43
ded0a86a-d255-44af-bb76-14db744ef2c4,src/Components/HomePage/Body/Left/Nabewerking/CreateReport/Steps/Step2/index.tsx,HomePage,6,12.5,28,37
ded0a86a-d255-44af-bb76-14db744ef2c4,src/Components/HomePage/Body/Left/Nabewerking/VluchtenZoeken/hooks/useFilterPlanPoints.ts,HomePage,6,60,13,22
e0fa65f8-277a-47ec-b690-e28378ccc728,src/hooks/zustand/nabewerking/useChangePlanStatusState.ts,hooks,7,14,43,52
e0fa65f8-277a-47ec-b690-e28378ccc728,src/hooks/zustand/nabewerking/useCreateReportState.ts,hooks,7,11.111111,55,64
e1b63d38-01ee-4f24-93a6-96142b8536a5,src/Components/HomePage/Body/Left/Common/KaartLegend/LayersList/Overig/Section2.tsx,HomePage,6,25,7,14
e1b63d38-01ee-4f24-93a6-96142b8536a5,src/Components/HomePage/Body/Left/Common/KaartLegend/LayersList/Overig/Section4.tsx,HomePage,6,13.043478,9,16
e2ba3b9c-331b-45b9-aefb-c05ecb93db9c,src/Components/HomePage/Body/Left/Voorbereiding/ViewPlan/Steps/Step2/helpers/buildUpdatedPlanFromForm.ts,HomePage,6,8.823529,38,43
e2ba3b9c-331b-45b9-aefb-c05ecb93db9c,src/Components/HomePage/Body/Left/Voorbereiding/ViewPlan/Steps/Step2/helpers/buildUpdatedPlanFromForm.ts,HomePage,6,8.823529,64,69
e74ba67b-212b-4b96-b126-fdfc31f769fd,src/Components/HomePage/Body/Left/Voorbereiding/SelectedPoint/EditPointDetails/Steps/Step2/Step2Sub2.tsx,HomePage,6,15,8,15
e74ba67b-212b-4b96-b126-fdfc31f769fd,src/Components/HomePage/Body/Left/Tools/AandachtspuntenVerwijderen/Actions/EditPointDetails/Steps/Step2/Step2Sub2.tsx,HomePage,6,13.333333,9,16
e8c7412e-aff5-4f0f-bbd1-b35df477a5f1,src/Components/HomePage/Body/Left/Nabewerking/CreateReport/helpers/useHandleStep2/processGeometry.ts,HomePage,7,7.2916665,127,135
e8c7412e-aff5-4f0f-bbd1-b35df477a5f1,src/Components/HomePage/Body/Left/Nabewerking/CreateReport/helpers/useHandleStep2/processPoint.ts,HomePage,7,7.5268817,114,122
ed44df57-10f3-4a9d-b577-4e41a4b6bdf3,src/hooks/hover-click-handlers/useFeatureLayerPopup.ts,hooks,6,6.5934067,143,150
ed44df57-10f3-4a9d-b577-4e41a4b6bdf3,src/hooks/hover-click-handlers/useFeatureLayerPopup.ts,hooks,6,6.5934067,154,160
ef113efd-cf39-45c3-89cf-bc992cdfe925,src/helpers/ArcGISHelpers/createPin.ts,helpers,6,16.216217,22,27
ef113efd-cf39-45c3-89cf-bc992cdfe925,src/helpers/timeslider/selectedPlansPointsList.ts,helpers,6,4.137931,130,135
f00d392b-1d47-4d6e-b948-33a7f24b3e35,src/Components/HomePage/Body/Left/Nabewerking/VluchtenZoeken/Steps/Step2/Actions/Waarnemingen/EditPointDetails/Actions/EditPointCoordinates/index.tsx,HomePage,7,2.3809524,126,133
f00d392b-1d47-4d6e-b948-33a7f24b3e35,src/Components/HomePage/Body/Left/Nabewerking/VluchtenZoeken/Steps/Step2/Actions/Waarnemingen/EditPointDetails/Actions/EditPointCoordinates/index.tsx,HomePage,7,2.3809524,135,142
f2616e40-6dc7-4689-85a6-9e86a814c2a4,src/Components/HomePage/Body/Left/Nabewerking/CreateReport/Steps/Step2/hooks/useRenderGeometries.ts,HomePage,6,11.111111,24,31
f2616e40-6dc7-4689-85a6-9e86a814c2a4,src/Components/HomePage/Body/Left/Nabewerking/CreateReport/Steps/Step2/hooks/useRenderGeometries.ts,HomePage,6,11.111111,53,60
f7758153-5771-4f2c-bd4a-9dc4c1885478,src/Components/HomePage/Body/Left/Voorbereiding/ReuseFlightPlan/Steps/Step2/CurrentGeometriesList.tsx,HomePage,7,21.212122,45,67
f7758153-5771-4f2c-bd4a-9dc4c1885478,src/Components/HomePage/Body/Left/Voorbereiding/ReuseFlightPlan/Steps/Step2/NewGeometriesList.tsx,HomePage,7,24.137932,38,56
fbd1eba6-50e2-4ec5-ae7d-9fbcd297366e,src/Components/HomePage/Body/Left/Nabewerking/VluchtenZoeken/Steps/Step2/Actions/Waarnemingen/EditPointDetails/Actions/Form/index.tsx,HomePage,6,9.090909,13,20
fbd1eba6-50e2-4ec5-ae7d-9fbcd297366e,src/Components/HomePage/Body/Left/Nabewerking/VluchtenZoeken/Steps/Step2/Actions/Waarnemingen/EditGeometryDetails/Actions/Form/index.tsx,HomePage,6,6.3157897,15,22
fc14d888-9cf1-46ba-9df0-928343eef4ab,src/Components/HomePage/Body/Bottom/ClickedTableFunctions/PointsList.tsx,HomePage,7,3.9325843,170,176
fc14d888-9cf1-46ba-9df0-928343eef4ab,src/Components/HomePage/Body/Bottom/ClickedTableFunctions/PointsList.tsx,HomePage,7,3.9325843,198,204
00f57ac5-839f-41d1-887b-9e83fc96aabb,src/Components/HomePage/Body/Left/Voorbereiding/ViewPlan/Steps/AddPointsFromPlan/SelectFromSource/index.tsx,HomePage,7,2.745098,402,411
00f57ac5-839f-41d1-887b-9e83fc96aabb,src/hooks/hover-click-handlers/useDrawYellowMarkers.ts,hooks,7,21.212122,42,51
0f0bdb48-3ebe-4aba-8ea7-d7a5b987b1b1,src/Components/HomePage/Body/Left/Common/SearchedResultsTab/Points/PointDetails.tsx,HomePage,6,85.71429,7,14
0f0bdb48-3ebe-4aba-8ea7-d7a5b987b1b1,src/Components/HomePage/Body/Left/Common/ResultTab/PointDetails.tsx,HomePage,6,25,8,15
169bd88a-df7d-437a-bdf2-ef9628b6600e,src/Components/HomePage/Body/Left/Voorbereiding/EnrichedAddPoint/index.tsx,HomePage,6,8.1081085,69,78
169bd88a-df7d-437a-bdf2-ef9628b6600e,src/Components/HomePage/Body/Left/Voorbereiding/EnrichedAddPoint/Steps/Step2/NextBtn.tsx,HomePage,6,12.5,36,45
177a233d-bddd-4619-b509-02534da941c4,src/Components/HomePage/Body/Left/Nabewerking/VluchtenZoeken/Steps/Step1/Content/Buttons.tsx,HomePage,6,17.647058,45,50
177a233d-bddd-4619-b509-02534da941c4,src/Components/HomePage/Body/Left/Tools/EditGeometry/index.tsx,HomePage,6,3.9215686,81,86
1787be4a-a69c-46c8-a312-309dd6f9beba,src/Components/HomePage/Body/Left/Voorbereiding/ViewPlan/Steps/AddPointToPlan/helpers/drawYellowPlanGraphics.ts,HomePage,6,13.953488,61,69
1787be4a-a69c-46c8-a312-309dd6f9beba,src/Components/HomePage/Body/Left/Voorbereiding/ViewPlan/Steps/Step2/index.tsx,HomePage,6,7.2289157,77,85
188a35df-6072-4771-8133-42b7f045c134,src/hooks/hover-click-handlers/useFeatureLayerPopup.ts,hooks,7,7.6923075,154,162
188a35df-6072-4771-8133-42b7f045c134,src/hooks/hover-click-handlers/useFeatureLayerPopup.ts,hooks,7,7.6923075,164,172
196519b1-a87d-4276-a250-220f1b45d7df,src/Components/HomePage/Body/Left/Nabewerking/ChangeFlightPlanStatus/FlightPlan.tsx,HomePage,7,38.88889,24,32
196519b1-a87d-4276-a250-220f1b45d7df,src/Components/HomePage/Body/Left/Voorbereiding/ReuseFlightPlan/Steps/Step1/SinglePlan.tsx,HomePage,7,36.842106,26,34
237a909d-23d2-4d3c-abe2-c409f16511fa,backend/src/routes/template_plans/createTemplateFlightPlan.ts,backend,6,22.222221,11,29
237a909d-23d2-4d3c-abe2-c409f16511fa,backend/src/routes/template_plans/createTemplateName.ts,backend,6,35.294117,10,25
2d23c306-9ffd-417e-84a4-c3cc1dfa8e04,src/Components/HomePage/Body/Left/Common/SearchedResultsTab/FlightPlans/FlightPlansList/DropDown.tsx,HomePage,7,6.6037736,47,55
2d23c306-9ffd-417e-84a4-c3cc1dfa8e04,src/Components/HomePage/Body/Left/Common/SearchedResultsTab/Functions/ListPointsFunctions/index.tsx,HomePage,7,6.8627453,31,39
2e930bdc-4cd9-4443-8120-ea4dec17db5b,backend/src/services/getKeycloakAdminToken.ts,backend,6,11.111111,6,14
2e930bdc-4cd9-4443-8120-ea4dec17db5b,backend/src/services/getKeycloakAdminToken.ts,backend,6,11.111111,78,85
2fab6676-4bae-40d0-b3e1-145cd0cfe2ea,src/Components/HomePage/Body/Left/Common/FiltersSection/FilterInput.tsx,HomePage,6,35.294117,10,15
2fab6676-4bae-40d0-b3e1-145cd0cfe2ea,src/Components/HomePage/Body/Left/Common/FormComponents/InputComp.tsx,HomePage,6,42.857143,11,16
309e034c-dc63-46c6-8a7f-c0c137cffc5e,backend/src/routes/geometries/getGeometries.ts,backend,6,18.181818,42,49
309e034c-dc63-46c6-8a7f-c0c137cffc5e,backend/src/routes/points/getPoints.ts,backend,6,8.955224,99,106
30de5e82-c327-460a-af4f-9035ec4b55d1,src/Components/HomePage/Body/Left/Voorbereiding/TemplateFlight/Steps/Step2/Buttons.tsx,HomePage,7,12.280702,14,20
30de5e82-c327-460a-af4f-9035ec4b55d1,src/Components/HomePage/Body/Left/Voorbereiding/FlightPlan/Steps/Step2/Buttons.tsx,HomePage,7,18.421053,17,23
37ff4a04-ad14-4cfb-b289-34ee1bcc8ff4,src/helpers/ArcGISHelpers/createPlanBoundingBoxGraphic.ts,helpers,7,6.8627453,120,129
37ff4a04-ad14-4cfb-b289-34ee1bcc8ff4,src/Components/HomePage/Body/Bottom/ClickedTableFunctions/PointsList.tsx,HomePage,7,3.9325843,50,59
4057a568-239a-40b5-beaf-0423cf4ce82e,src/Components/HomePage/Body/Left/Nabewerking/CreateReport/helpers/useHandleStep2/types.ts,HomePage,6,13.636364,34,39
4057a568-239a-40b5-beaf-0423cf4ce82e,src/Components/HomePage/Body/Left/Nabewerking/CreateReport/helpers/useHandleStep2/types.ts,HomePage,6,13.636364,51,56
417e9061-e480-42e6-8c16-becbc7678ecc,src/Components/HomePage/Body/Left/Common/ResultTab/PointsList.tsx,HomePage,6,11.320755,48,54
417e9061-e480-42e6-8c16-becbc7678ecc,src/Components/HomePage/Body/Bottom/PointsView/common/hooks/useClickOutside.ts,HomePage,6,37.5,8,14
4273a98f-240d-4a3a-9546-0f79b7a5bcae,src/Components/HomePage/Body/Left/Tools/EditGeometry/ActionButtons.tsx,HomePage,6,75,5,11
4273a98f-240d-4a3a-9546-0f79b7a5bcae,src/Components/HomePage/Body/Left/Tools/EditGeometry/SingleGeometry.tsx,HomePage,6,54.545456,8,14
44180bb0-06a7-448d-8c2b-6bbe6c5153f2,src/utils/useCreateData.ts,utils,7,10.9375,67,73
44180bb0-06a7-448d-8c2b-6bbe6c5153f2,src/utils/useUpdateData.ts,utils,7,13.725491,49,55
4704b931-c096-4c82-a1f2-f10e8efd3f93,src/Components/DashboardPage/AllUsersTable/index.tsx,DashboardPage,7,9.333333,10,16
4704b931-c096-4c82-a1f2-f10e8efd3f93,src/Components/DashboardPage/shared/keycloakRoleTypes.ts,DashboardPage,7,38.88889,12,18
491f626a-c150-423c-8a25-55bd0630de21,src/Types/installer.ts,Types,6,85.71429,2,7
491f626a-c150-423c-8a25-55bd0630de21,backend/src/routes/installers.ts,backend,6,5.8252425,14,19
49b1441e-ce23-42c5-ba4e-03c523ac669a,src/Components/HomePage/Body/Left/Common/SearchedResultsTab/Points/DropDown.tsx,HomePage,7,8.75,96,105
49b1441e-ce23-42c5-ba4e-03c523ac669a,src/Components/HomePage/Body/Left/Common/SearchedResultsTab/FlightPlans/FlightPlansList/DropDown.tsx,HomePage,7,6.6037736,106,115
50849372-2f60-4a31-b519-17a821010502,src/Components/HomePage/Body/Left/Voorbereiding/AddPointsVluchtPlan/Step2/index.tsx,HomePage,6,28.571428,21,26
50849372-2f60-4a31-b519-17a821010502,src/Components/HomePage/Body/Left/Voorbereiding/AddPointsVluchtPlan/Step3/index.tsx,HomePage,6,28.571428,21,26
55c50b47-e289-4594-820c-292d11182cc8,src/Components/HomePage/Body/Left/Voorbereiding/ViewPlan/Steps/Step2/helpers/buildUpdatedPlanFromForm.ts,HomePage,6,8.823529,6,11
55c50b47-e289-4594-820c-292d11182cc8,src/hooks/zustand/shared/flightPlanFormFields.ts,hooks,6,10.344828,2,7
580e3def-bc90-468d-82b3-364569a971d4,src/Components/HomePage/Body/Left/Voorbereiding/DrawingTool/Step2/Buttons.tsx,HomePage,6,6.8965516,19,24
580e3def-bc90-468d-82b3-364569a971d4,src/Components/HomePage/Body/Left/Voorbereiding/DrawingTool/Step2/Buttons.tsx,HomePage,6,6.8965516,136,141
58b9f45b-008d-44b3-b8fd-81dade751b36,src/Components/HomePage/Body/Left/Voorbereiding/FlightPlan/Steps/Step1/TemplateFlights/index.tsx,HomePage,6,11.320755,19,24
58b9f45b-008d-44b3-b8fd-81dade751b36,src/api-hooks/templateFlights/types.ts,api-hooks,6,50,4,9
5aad6c29-a3e0-4f83-9d12-cec935427ae0,src/Components/HomePage/Body/Bottom/PointsView/FlightPlansTable/index.tsx,HomePage,7,8.139535,106,117
5aad6c29-a3e0-4f83-9d12-cec935427ae0,src/Components/HomePage/Body/Left/Common/SearchedResultsTab/FlightPlans/FlightPlansList/List.tsx,HomePage,7,10.9375,55,66
62139098-ffc7-480b-8c51-ca286ac8093e,src/Components/HomePage/Body/Left/Common/SearchedResultsTab/Points/DropDown.tsx,HomePage,7,8.75,44,51
62139098-ffc7-480b-8c51-ca286ac8093e,src/Components/HomePage/Body/Left/Common/SearchedResultsTab/Functions/ListPointsFunctions/index.tsx,HomePage,7,6.8627453,33,40
71937ef3-4a18-4f23-8662-84f95087e5cf,src/Components/HomePage/Body/Left/Nabewerking/CreateReport/helpers/useHandleStep2/processGeometry.ts,HomePage,6,6.25,84,89
71937ef3-4a18-4f23-8662-84f95087e5cf,src/Components/HomePage/Body/Left/Nabewerking/CreateReport/helpers/useHandleStep2/processPoint.ts,HomePage,6,6.451613,72,77
71d83e17-01ba-46ec-a8c4-3b5c71861600,src/Components/HomePage/Body/Left/Nabewerking/CreateReport/Steps/Step1/Buttons.tsx,HomePage,7,20.588236,11,18
71d83e17-01ba-46ec-a8c4-3b5c71861600,src/Components/HomePage/Body/Left/Nabewerking/CreateReport/Steps/Step2/Buttons.tsx,HomePage,7,9.210526,17,24
7885ab43-c150-48d8-b742-b84494bdecbc,src/Components/HomePage/Body/Left/Common/FiltersSection/FilterInput.tsx,HomePage,6,35.294117,2,7
7885ab43-c150-48d8-b742-b84494bdecbc,src/Components/HomePage/Body/Left/Common/FormComponents/InputComp.tsx,HomePage,6,42.857143,4,9
7ceddf72-c18a-4e3c-8085-20b6cc5acafb,src/helpers/points/buildPointUpdatePayload.ts,helpers,7,15.217391,4,10
7ceddf72-c18a-4e3c-8085-20b6cc5acafb,backend/src/helpers/validators/finishedPlan.ts,backend,7,10.294118,27,33
7e2565bd-87e0-4354-bbe8-588e4f104ba6,src/Components/HomePage/Body/Bottom/ClickedTableFunctions/PlansList.tsx,HomePage,6,16.666666,25,33
7e2565bd-87e0-4354-bbe8-588e4f104ba6,src/Components/HomePage/Body/Bottom/ClickedTableFunctions/PointsList.tsx,HomePage,6,3.3707864,29,36
